<odoo>
    <data>
 
        <!-- Game Categories -->

        <record id="category_rpg" model="library.game.category">
            <field name="name">RPG</field>
            <field name="description">Role Play Game</field>
        </record>

        <record id="category_mmo" model="library.game.category">
            <field name="name">MMO</field>
            <field name="Massively Multiplayer Online"></field>
        </record>        

        <!-- Games -->

        <record id="game_ff" model="library.game">
            <field name="name">Final Fantasy XII</field>
            <field name="dev_name">Square Enix</field>
            <field name="platform">PS4</field>
            <field name="entry_date">2022-02-02</field>
            <field name="original_cost">29.99</field>/>
            <field name="actual_cost">9.99</field>/>
            <field name="state">available</field>/>
        </record>

        <record id="game_wow" model="library.game">
            <field name="name">World of Warcraft</field>
            <field name="dev_name">Blizzard</field>
            <field name="platform">PC</field>
            <field name="entry_date">2022-01-01</field>
            <field name="original_cost">13.99</field>/>
            <field name="actual_cost">2.00</field>/>
            <field name="state">borrowed</field>/>
        </record>

    </data>
</odoo>